person_id,sex,age,height_cm,weight_kg,leg_cm,habit,injury,action,base_rms,base_mav,base_wl,base_zc,base_ssc,fatigue_light,fatigue_mid,fatigue_heavy
ext_mat_01,unknown,,,,,unknown,unknown,external_squat,0.111,0.076,506.723,2584.435,5796.194,0.0,0.0,0.0
ext_mat_02,unknown,,,,,unknown,unknown,external_squat,0.176,0.11,550.596,2116.741,4905.148,0.0,0.0,0.0
ext_mat_03,unknown,,,,,unknown,unknown,external_squat,0.129,0.09,352.014,1577.463,5206.185,0.0,0.0,0.0
ext_mat_04,unknown,,,,,unknown,unknown,external_squat,0.119,0.082,368.845,1934.676,5691.176,0.0,0.0,0.0
ext_mat_05,unknown,,,,,unknown,unknown,external_squat,0.192,0.123,466.565,1657.62,5132.843,0.0,0.0,0.0
ext_mat_06,unknown,,,,,unknown,unknown,external_squat,0.157,0.102,377.164,1744.954,5425.981,0.0,0.0,0.0
ext_mat_07,unknown,,,,,unknown,unknown,external_squat,0.151,0.108,588.471,2036.565,5837.593,0.0,0.0,0.0
ext_mat_08,unknown,,,,,unknown,unknown,external_squat,0.167,0.122,430.439,1307.917,5785.806,0.0,0.0,0.0
ext_mat_09,unknown,,,,,unknown,unknown,external_squat,0.094,0.065,305.468,2096.194,5957.861,0.0,0.0,0.0
ext_mat_10,unknown,,,,,unknown,unknown,external_squat,0.127,0.09,378.414,1744.667,5726.139,0.0,0.0,0.0
ext_mat_11,unknown,,,,,unknown,unknown,external_squat,0.082,0.058,379.753,2618.444,6284.009,0.0,0.0,0.0
ext_mat_12,unknown,,,,,unknown,unknown,external_squat,0.109,0.081,531.555,2281.602,6091.13,0.0,0.0,0.0
ext_mat_13,unknown,,,,,unknown,unknown,external_squat,0.165,0.109,369.276,1414.176,3799.435,0.0,0.0,0.0
ext_mat_14,unknown,,,,,unknown,unknown,external_squat,0.146,0.096,353.394,1698.528,4778.556,0.0,0.0,0.0
ext_mat_15,unknown,,,,,unknown,unknown,external_squat,0.18,0.125,490.18,1696.315,5615.519,0.0,0.0,0.0
ext_mat_16,unknown,,,,,unknown,unknown,external_squat,0.063,0.046,224.019,1835.157,5166.463,0.0,0.0,0.0
subject_01,男,19,175,65,41.5,ambiguous,none,mixed,59917.957,31774.614,5028424.397,3.289,12.185,32.0,57.0,89.0
subject_02,男,19,179,83,45,light,none,mixed,31675.828,21138.325,4153988.48,2.825,26.116,49.0,70.0,100.0
subject_03,男,19,175,66,42,ambiguous,none,mixed,37380.832,21394.611,3784594.866,4.055,19.694,30.0,39.0,87.0
subject_04,男,19,178,55,37,rare,none,mixed,36157.417,24669.352,4418725.615,3.67,29.02,81.0,100.0,100.0
subject_05,男,19,177,64,34,trained,unknown,mixed,25985.451,14863.369,3002442.605,2.185,14.057,71.0,100.0,100.0
subject_06,男,19,165,53,38,regular,none,mixed,30629.33,17418.214,3442276.752,2.251,14.6,70.0,70.0,100.0
subject_07,男,19,182,65,52,light,none,mixed,23465.822,17035.142,3404629.261,2.788,25.841,20.0,20.0,64.0
subject_08,男,19,177,58,36,regular,none,mixed,32907.383,18834.078,3156931.467,1.191,15.805,70.0,70.0,100.0
subject_09,男,19,176,58,36,light,none,mixed,5242.171,3901.132,838336.838,0.002,0.406,20.0,20.0,20.0
subject_10,男,19,173,70,45,regular,none,mixed,3821.505,2462.936,442201.255,0.015,0.036,30.0,30.0,70.0
subject_11,男,19,177,64,42,trained,knee,mixed,51026.432,32800.356,6079488.529,6.221,37.092,70.0,70.0,100.0
