live_rows,marks,labels,span_s,imu_ok_ratio,acc_mag_median,angle_range_deg,mav_median,session,path,action_windows,fatigue_windows,dropped_mixed,dropped_short,status
5357,3,"{'FreshSquat': 1, 'FatiguedSquat': 1, 'Rest': 1}",324.84,1.0,1.0159095438921681,0.10000000000000009,3743.0,session_20260531_093520,D:\mpu_wave\session_20260531_093520.log,220,220,9,0,ok
6418,4,"{'Rest': 2, 'FreshSquat': 1, 'FatiguedSquat': 1}",390.398,1.0,1.0032783652501713,7.9,2663.0,session_20260531_095213,D:\mpu_wave\session_20260531_095213.log,299,299,9,0,ok
4648,4,"{'Rest': 2, 'FreshSquat': 1, 'FatiguedSquat': 1}",282.176,1.0,0.9955752799866298,0.0,3882.0,session_20260531_103454,D:\mpu_wave\session_20260531_103454.log,204,204,9,0,ok
1666,0,{},95.009,0.0,0.0,0.0,0.0,session_20260602_205705,D:\mpu_wave\session_20260602_205705.log,0,0,0,0,imu_bad_for_action;no_marks;no_action_windows;no_fatigue_windows
3697,3,"{'FreshSquat': 1, 'FatiguedSquat': 1, 'Rest': 1}",217.89,0.0,0.0,0.0,18974.0,session_20260602_205846,D:\mpu_wave\session_20260602_205846.log,0,103,9,0,imu_bad_for_action;no_action_windows
41,0,{},-839.547,0.14634146341463414,0.0,0.1,26487.0,session_20260602_211059,D:\mpu_wave\session_20260602_211059.log,0,0,0,0,imu_bad_for_action;no_marks;no_action_windows;no_fatigue_windows
275,0,{},16.502,1.0,0.943679541995584,99.2,0.0,session_20260602_211116,D:\mpu_wave\session_20260602_211116.log,0,0,0,0,no_marks;no_action_windows;no_fatigue_windows
3161,0,{},182.256,0.0,0.0,0.0,5264.0,session_20260602_213736,D:\mpu_wave\session_20260602_213736.log,0,0,0,0,imu_bad_for_action;no_marks;no_action_windows;no_fatigue_windows
183,0,{},11.493,1.0,0.9797377349896648,81.19999999999999,68833.0,session_20260602_215655,D:\mpu_wave\session_20260602_215655.log,0,0,0,0,no_marks;no_action_windows;no_fatigue_windows
2877,2,"{'FreshSquat': 1, 'Rest': 1}",177.721,1.0,1.0037457007485902,134.0,26845.0,session_20260602_220602,D:\mpu_wave\session_20260602_220602.log,112,112,6,0,ok
1807,1,{'FreshSquat': 1},109.457,1.0,1.0570863146934724,87.3,1124.0,session_20260602_221340,D:\mpu_wave\session_20260602_221340.log,80,80,3,0,ok
2216,1,{'FreshSquat': 1},137.296,1.0,1.0432570121673077,96.4,24488.0,session_20260602_222133,D:\mpu_wave\session_20260602_222133.log,59,59,3,0,ok
